[{"model": "admin.logentry", "pk": 80, "fields": {"action_time": "2021-05-15T13:22:20.308Z", "user": 3, "content_type": 8, "object_id": "3", "object_repr": "salvigiovanni4@gmail.com", "action_flag": 1, "change_message": "[{\"added\": {}}]"}}, {"model": "admin.logentry", "pk": 81, "fields": {"action_time": "2021-06-02T18:35:06.549Z", "user": 3, "content_type": 4, "object_id": "3", "object_repr": "GiovanniSalvi", "action_flag": 2, "change_message": "[{\"changed\": {\"fields\": [\"First name\", \"Last name\"]}}]"}}, {"model": "admin.logentry", "pk": 82, "fields": {"action_time": "2021-06-04T17:32:23.109Z", "user": 3, "content_type": 4, "object_id": "4", "object_repr": "aaaaaaa", "action_flag": 3, "change_message": ""}}, {"model": "admin.logentry", "pk": 83, "fields": {"action_time": "2021-06-04T18:20:49.633Z", "user": 3, "content_type": 8, "object_id": "5", "object_repr": "worldwidewine@gmail.com", "action_flag": 2, "change_message": "[{\"changed\": {\"fields\": [\"Verified\"]}}]"}}, {"model": "admin.logentry", "pk": 84, "fields": {"action_time": "2021-06-04T22:24:36.581Z", "user": 3, "content_type": 8, "object_id": "6", "object_repr": "rhye83@hotmail.it", "action_flag": 2, "change_message": "[{\"changed\": {\"fields\": [\"Verified\"]}}]"}}, {"model": "admin.logentry", "pk": 85, "fields": {"action_time": "2021-06-06T22:02:44.756Z", "user": 3, "content_type": 15, "object_id": "13", "object_repr": "Champagne Blanc de Blancs - Bernard Remy", "action_flag": 1, "change_message": "[{\"added\": {}}]"}}, {"model": "admin.logentry", "pk": 86, "fields": {"action_time": "2021-06-06T22:06:19.665Z", "user": 3, "content_type": 15, "object_id": "14", "object_repr": "Trento DOC “Maximum Blanc de Blancs\" - Ferrari", "action_flag": 1, "change_message": "[{\"added\": {}}]"}}, {"model": "admin.logentry", "pk": 87, "fields": {"action_time": "2021-06-06T22:12:06.792Z", "user": 3, "content_type": 15, "object_id": "15", "object_repr": "Spumante Metodo Classico Zero Dosage Blanc de Noirs \"Farfalla\" - Ballabio", "action_flag": 1, "change_message": "[{\"added\": {}}]"}}, {"model": "admin.logentry", "pk": 88, "fields": {"action_time": "2021-06-12T18:12:40.626Z", "user": 3, "content_type": 17, "object_id": "70", "object_repr": "86DF738990084B8CB266988E2047D784", "action_flag": 3, "change_message": ""}}, {"model": "admin.logentry", "pk": 89, "fields": {"action_time": "2021-06-12T18:12:40.668Z", "user": 3, "content_type": 17, "object_id": "69", "object_repr": "BFB5B363867A4FBEA8F4AA06C7162F9E", "action_flag": 3, "change_message": ""}}, {"model": "admin.logentry", "pk": 90, "fields": {"action_time": "2021-06-12T18:12:40.700Z", "user": 3, "content_type": 17, "object_id": "68", "object_repr": "D4C0ECAD7DF04EB79A04784DD4378312", "action_flag": 3, "change_message": ""}}, {"model": "admin.logentry", "pk": 91, "fields": {"action_time": "2021-06-12T18:12:40.732Z", "user": 3, "content_type": 17, "object_id": "67", "object_repr": "F5C6DE0B0D4848A2B43630DFD2FB4AF2", "action_flag": 3, "change_message": ""}}, {"model": "admin.logentry", "pk": 92, "fields": {"action_time": "2021-06-12T18:12:40.764Z", "user": 3, "content_type": 17, "object_id": "66", "object_repr": "36B540CEBE8940EAA8560EFF31D1C114", "action_flag": 3, "change_message": ""}}, {"model": "admin.logentry", "pk": 93, "fields": {"action_time": "2021-06-12T18:12:40.796Z", "user": 3, "content_type": 17, "object_id": "65", "object_repr": "0913511854BA4798906DE98034980800", "action_flag": 3, "change_message": ""}}, {"model": "admin.logentry", "pk": 94, "fields": {"action_time": "2021-06-12T18:12:40.828Z", "user": 3, "content_type": 17, "object_id": "64", "object_repr": "008F6A254A094667B99F54287F123810", "action_flag": 3, "change_message": ""}}, {"model": "admin.logentry", "pk": 95, "fields": {"action_time": "2021-06-12T18:12:40.860Z", "user": 3, "content_type": 17, "object_id": "63", "object_repr": "E868AF5D53A7471EAC79C198DE35D641", "action_flag": 3, "change_message": ""}}, {"model": "admin.logentry", "pk": 96, "fields": {"action_time": "2021-06-12T18:12:40.892Z", "user": 3, "content_type": 17, "object_id": "62", "object_repr": "880E098646714A60963343E4AB0763B1", "action_flag": 3, "change_message": ""}}, {"model": "admin.logentry", "pk": 97, "fields": {"action_time": "2021-06-12T18:12:40.926Z", "user": 3, "content_type": 17, "object_id": "61", "object_repr": "BC97BAF219FD4844A4707F47783DABA4", "action_flag": 3, "change_message": ""}}, {"model": "admin.logentry", "pk": 98, "fields": {"action_time": "2021-06-12T18:12:40.969Z", "user": 3, "content_type": 17, "object_id": "60", "object_repr": "86B8191098294644BD7278A49E30AAEB", "action_flag": 3, "change_message": ""}}, {"model": "admin.logentry", "pk": 99, "fields": {"action_time": "2021-06-12T18:12:40.989Z", "user": 3, "content_type": 17, "object_id": "59", "object_repr": "F15996AB03C24407ACD338FEA41137F3", "action_flag": 3, "change_message": ""}}, {"model": "admin.logentry", "pk": 100, "fields": {"action_time": "2021-06-12T18:12:41.010Z", "user": 3, "content_type": 17, "object_id": "58", "object_repr": "591BA01A663F4089AE1282ED67304CBF", "action_flag": 3, "change_message": ""}}, {"model": "admin.logentry", "pk": 101, "fields": {"action_time": "2021-06-12T18:12:41.030Z", "user": 3, "content_type": 17, "object_id": "57", "object_repr": "063A77736041487997D1C620DE0B1711", "action_flag": 3, "change_message": ""}}, {"model": "admin.logentry", "pk": 102, "fields": {"action_time": "2021-06-12T18:12:41.061Z", "user": 3, "content_type": 17, "object_id": "56", "object_repr": "3A9999B4985741F3931E1B21FD3FE18B", "action_flag": 3, "change_message": ""}}, {"model": "admin.logentry", "pk": 103, "fields": {"action_time": "2021-06-12T18:12:41.093Z", "user": 3, "content_type": 17, "object_id": "55", "object_repr": "4C6A7252773A4273B95B24BD3A084DE3", "action_flag": 3, "change_message": ""}}, {"model": "admin.logentry", "pk": 104, "fields": {"action_time": "2021-06-12T18:12:41.125Z", "user": 3, "content_type": 17, "object_id": "54", "object_repr": "B422039E889A4F49B7BC8EE58AB52EBB", "action_flag": 3, "change_message": ""}}, {"model": "admin.logentry", "pk": 105, "fields": {"action_time": "2021-06-12T18:12:41.157Z", "user": 3, "content_type": 17, "object_id": "53", "object_repr": "DC5E08A60B704BB8B52C808AEBC4A412", "action_flag": 3, "change_message": ""}}, {"model": "admin.logentry", "pk": 106, "fields": {"action_time": "2021-06-12T18:12:41.189Z", "user": 3, "content_type": 17, "object_id": "52", "object_repr": "C538BDCC074A43B88DCF28AA88E8C5C7", "action_flag": 3, "change_message": ""}}, {"model": "admin.logentry", "pk": 107, "fields": {"action_time": "2021-06-12T18:12:41.222Z", "user": 3, "content_type": 17, "object_id": "51", "object_repr": "D6F59186A4174D2282CF48A657180F29", "action_flag": 3, "change_message": ""}}, {"model": "admin.logentry", "pk": 108, "fields": {"action_time": "2021-06-12T18:12:41.254Z", "user": 3, "content_type": 17, "object_id": "50", "object_repr": "3A1E8A5EF60E40D8B9B7AAF00C1CF064", "action_flag": 3, "change_message": ""}}, {"model": "admin.logentry", "pk": 109, "fields": {"action_time": "2021-06-12T18:12:41.285Z", "user": 3, "content_type": 17, "object_id": "49", "object_repr": "7C3882F4EBAA4845BB93C6CB2921FB39", "action_flag": 3, "change_message": ""}}, {"model": "admin.logentry", "pk": 110, "fields": {"action_time": "2021-06-12T18:12:41.317Z", "user": 3, "content_type": 17, "object_id": "42", "object_repr": "D72CDB7E86D8451CBC65384013DF417A", "action_flag": 3, "change_message": ""}}, {"model": "admin.logentry", "pk": 111, "fields": {"action_time": "2021-06-12T18:12:41.349Z", "user": 3, "content_type": 17, "object_id": "16", "object_repr": "8EE601AE854C4ABA9942851783CC9897", "action_flag": 3, "change_message": ""}}, {"model": "admin.logentry", "pk": 112, "fields": {"action_time": "2021-06-12T18:12:41.382Z", "user": 3, "content_type": 17, "object_id": "15", "object_repr": "6091DE32E46A4D078218AB38AC3A45C7", "action_flag": 3, "change_message": ""}}, {"model": "admin.logentry", "pk": 113, "fields": {"action_time": "2021-06-12T18:12:41.414Z", "user": 3, "content_type": 17, "object_id": "14", "object_repr": "81E0682CFF4C407086E1F9703BABB240", "action_flag": 3, "change_message": ""}}, {"model": "admin.logentry", "pk": 114, "fields": {"action_time": "2021-06-12T18:12:41.445Z", "user": 3, "content_type": 17, "object_id": "10", "object_repr": "D95C967DA2D441BC913B41D6B5D0863F", "action_flag": 3, "change_message": ""}}, {"model": "admin.logentry", "pk": 115, "fields": {"action_time": "2021-06-12T18:12:41.477Z", "user": 3, "content_type": 17, "object_id": "9", "object_repr": "1279202C8C084A34BA1F2B4C364A5BED", "action_flag": 3, "change_message": ""}}, {"model": "admin.logentry", "pk": 116, "fields": {"action_time": "2021-06-12T18:12:41.509Z", "user": 3, "content_type": 17, "object_id": "8", "object_repr": "AA306933C5054CC0A7C493558CBA0C25", "action_flag": 3, "change_message": ""}}, {"model": "admin.logentry", "pk": 117, "fields": {"action_time": "2021-06-12T18:12:41.540Z", "user": 3, "content_type": 17, "object_id": "7", "object_repr": "3DA8EDD218844C758E510024A8CE31C2", "action_flag": 3, "change_message": ""}}, {"model": "admin.logentry", "pk": 118, "fields": {"action_time": "2021-06-12T18:12:41.572Z", "user": 3, "content_type": 17, "object_id": "6", "object_repr": "887CD6390A2A48CB98687F426A16F97B", "action_flag": 3, "change_message": ""}}, {"model": "admin.logentry", "pk": 119, "fields": {"action_time": "2021-06-12T18:12:41.604Z", "user": 3, "content_type": 17, "object_id": "5", "object_repr": "170E569A3E374C76B664AA7AE7231528", "action_flag": 3, "change_message": ""}}, {"model": "admin.logentry", "pk": 120, "fields": {"action_time": "2021-06-12T18:12:41.625Z", "user": 3, "content_type": 17, "object_id": "4", "object_repr": "2641206F6E5047C799258E041BB54573", "action_flag": 3, "change_message": ""}}, {"model": "admin.logentry", "pk": 121, "fields": {"action_time": "2021-06-12T18:12:41.646Z", "user": 3, "content_type": 17, "object_id": "3", "object_repr": "82710A288ADA4390890C8276AA6FCD2B", "action_flag": 3, "change_message": ""}}, {"model": "admin.logentry", "pk": 122, "fields": {"action_time": "2021-06-12T18:12:41.666Z", "user": 3, "content_type": 17, "object_id": "2", "object_repr": "5AED054667134B1AAA0C9DB6D57CEEEF", "action_flag": 3, "change_message": ""}}, {"model": "admin.logentry", "pk": 123, "fields": {"action_time": "2021-06-12T18:12:41.687Z", "user": 3, "content_type": 17, "object_id": "1", "object_repr": "B182F2DE13D642E4B985EF93895A44CA", "action_flag": 3, "change_message": ""}}, {"model": "admin.logentry", "pk": 124, "fields": {"action_time": "2021-06-12T18:15:17.716Z", "user": 3, "content_type": 17, "object_id": "71", "object_repr": "A2329299A96F45998CA934306ADCC4DB", "action_flag": 2, "change_message": "[{\"changed\": {\"name\": \"checkout_items\", \"object\": \"SKU Champagne Brut Blanc de Blancs Magnum - Ruinart,France,BlancdeBlancs,178.67,CHA-FRA-BLA-178 on checkout A2329299A96F45998CA934306ADCC4DB\", \"fields\": [\"Quantity\"]}}]"}}, {"model": "admin.logentry", "pk": 125, "fields": {"action_time": "2021-06-13T10:29:59.673Z", "user": 3, "content_type": 15, "object_id": "17", "object_repr": "Maremma Toscana Rosato DOC “Litorale” 2019 - Val delle Rose, Cecchi", "action_flag": 3, "change_message": ""}}, {"model": "admin.logentry", "pk": 126, "fields": {"action_time": "2021-06-13T10:29:59.691Z", "user": 3, "content_type": 15, "object_id": "16", "object_repr": "Maremma Toscana Rosato DOC “Litorale” 2019 - Val delle Rose, Cecchi", "action_flag": 3, "change_message": ""}}, {"model": "admin.logentry", "pk": 127, "fields": {"action_time": "2021-06-13T18:06:49.718Z", "user": 3, "content_type": 4, "object_id": "8", "object_repr": "Sall", "action_flag": 3, "change_message": ""}}, {"model": "admin.logentry", "pk": 128, "fields": {"action_time": "2021-06-13T18:18:06.714Z", "user": 3, "content_type": 4, "object_id": "9", "object_repr": "xedemec", "action_flag": 3, "change_message": ""}}, {"model": "admin.logentry", "pk": 129, "fields": {"action_time": "2021-06-13T18:21:58.733Z", "user": 3, "content_type": 8, "object_id": "5", "object_repr": "worldwidewine@example.com", "action_flag": 2, "change_message": "[{\"changed\": {\"fields\": [\"E-mail address\"]}}]"}}, {"model": "admin.logentry", "pk": 130, "fields": {"action_time": "2021-06-13T18:22:30.995Z", "user": 3, "content_type": 4, "object_id": "5", "object_repr": "Worldwidewine", "action_flag": 2, "change_message": "[]"}}, {"model": "admin.logentry", "pk": 131, "fields": {"action_time": "2021-06-13T18:25:37.666Z", "user": 3, "content_type": 4, "object_id": "6", "object_repr": "antonio", "action_flag": 2, "change_message": "[{\"changed\": {\"fields\": [\"password\"]}}]"}}, {"model": "auth.user", "pk": 3, "fields": {"password": "pbkdf2_sha256$260000$IHIWjLmn0loPyqTCXPMx21$logYQWYX3inY7IgIj5kyQIPcJYJht4ulbALYhh9/zR4=", "last_login": "2021-06-14T16:30:02.595Z", "is_superuser": true, "username": "GiovanniSalvi", "first_name": "Giovanni", "last_name": "Salvi", "email": "salvigiovanni4@gmail.com", "is_staff": true, "is_active": true, "date_joined": "2021-05-15T13:21:31Z", "groups": [], "user_permissions": []}}, {"model": "auth.user", "pk": 5, "fields": {"password": "pbkdf2_sha256$260000$oXdAS85iXwJRlsDDnHQBe6$yM72SaERIlc4LAWE0lSkhZAvnueGhKx+k2zLRGyUG7c=", "last_login": "2021-06-04T18:22:34Z", "is_superuser": false, "username": "Worldwidewine", "first_name": "", "last_name": "", "email": "worldwidewine@gmail.com", "is_staff": false, "is_active": true, "date_joined": "2021-06-04T18:19:45Z", "groups": [], "user_permissions": []}}, {"model": "auth.user", "pk": 6, "fields": {"password": "pbkdf2_sha256$260000$muWPGV3kVR6np9IrQQ9M0I$zYRvdHlU+JhTQyR857JfFRoz0hOFwA34JDsLHntsF8U=", "last_login": "2021-06-13T18:30:19.169Z", "is_superuser": false, "username": "antonio", "first_name": "", "last_name": "", "email": "rhye83@hotmail.it", "is_staff": false, "is_active": true, "date_joined": "2021-06-04T22:22:31.251Z", "groups": [], "user_permissions": []}}, {"model": "auth.user", "pk": 7, "fields": {"password": "pbkdf2_sha256$260000$YCfbIk4CnCG5fQwh968k6m$ZrcgmsFh878+XilieT52zewcbeRNqTboNdri9hHvWtM=", "last_login": "2021-06-13T13:13:19.473Z", "is_superuser": false, "username": "seantutor", "first_name": "", "last_name": "", "email": "sean@sean.com", "is_staff": false, "is_active": true, "date_joined": "2021-06-13T13:12:13.207Z", "groups": [], "user_permissions": []}}, {"model": "auth.user", "pk": 10, "fields": {"password": "pbkdf2_sha256$260000$5sczAjmbioUocf8PAcludA$vSokxm1x/JmJhDCP7MwGg17BnsKqKXu8w7845zxyN6w=", "last_login": null, "is_superuser": false, "username": "xedemec", "first_name": "", "last_name": "", "email": "xedemec473@gocasin.com", "is_staff": false, "is_active": true, "date_joined": "2021-06-13T18:18:52.667Z", "groups": [], "user_permissions": []}}, {"model": "sessions.session", "pk": "00imy8aebvyoyjnj7wf1mav29ryo08js", "fields": {"session_data": "e30:1lhrlR:E9xL59JWg8_E5DyRTXBYfHFfB55My_BfhRW-bOi9_Pc", "expire_date": "2021-05-29T10:43:21.220Z"}}, {"model": "sessions.session", "pk": "1b82ky36jia47ajmagrki495npuyn7oa", "fields": {"session_data": "eyJjYXJ0Ijp7IjEiOjF9fQ:1lpK1w:hyR4hvsWO45s_i2hzq_sK0G3d_WTiUtABAwH07DKmZM", "expire_date": "2021-06-19T00:19:12.358Z"}}, {"model": "sessions.session", "pk": "1nn6z4tjow6lsql6x3igq37uehxnur8f", "fields": {"session_data": ".eJxVjEEOgjAQRe8ya9IUaQvTpXvP0EzbQaoGTAuJhnB3JWGh2__efys4WubBLYWzSxEsNFD9bp7CnccdxBuN10mEaZxz8mJXxEGLuEyRH-fD_QsMVIbvuzONxBNxG2XQ_oSIrDpC3XrVR8JaadK6V5JYK2PItBTrvm0wcqdREu7RwqWkaXT8eqb8BisrCJRnsCtosPW2fQBD6EMB:1lspTY:IPwGR35daBoxauvM65UE2GTa-Qd8PHBebOfT2a63qEg", "expire_date": "2021-06-28T16:30:12.065Z"}}, {"model": "sessions.session", "pk": "2ltv40x4l4m2uqfgn4ffp0hvya4nvvy7", "fields": {"session_data": ".eJxVjDsOgzAQBe-yNbK8tjG2y_Q5A1qvl0ASgcSnQtw9QaJI2jfzZoeWtrVvt0XmdiiQAKH63TLxS8YTlCeNj0nxNK7zkNWpqIsu6j4Ved8u9y_Q09J_3x5FOjSUHYccHEt2kbAmb5GFojGofdQ2km1Cw5Y7b2tjYtFOR-yaM8o0r5B2MJBMBQESHscHqrk8qg:1lgibb:96EirJXvA-3AFh1HcGTH-hHk3uSSEhPMBX_OcL0_A1M", "expire_date": "2021-05-26T06:44:27.159Z"}}, {"model": "sessions.session", "pk": "2rbn7rf4t3y9wx8039qnaznlvoq3nvtj", "fields": {"session_data": ".eJxVjMsOgjAURP_lrgnpi0K7dO83NLftRVDTGgqJhvDvgnGhu8nMmbOCw2Ue3FJocmMECxyq385juFE6hnjFdMl1yGmeRl8fSP1dS33Oke6nL_snGLAM-1tzop4L9Cp0vlOBvDLIG9SSB0IjBGfaMGlQtl0bZOi1bIQwkSlmeN9-pIVKGXNy9HyM0wssqyDgNINdQYLlFSiwogK95217A3iDRPU:1leSmD:jWC8rx5oKNi0YO5EKdM7V1k17DCLyB5sgrbc8Ynm_38", "expire_date": "2021-05-20T01:26:05.779Z"}}, {"model": "sessions.session", "pk": "3d690ixmgdgyzenjulpvu4na1wbkgqyh", "fields": {"session_data": "e30:1lhs1K:kp1azSP4Gdcr_1FL36r6y7VdTpiE3NSoMiP2RJiKMK4", "expire_date": "2021-05-29T10:59:46.030Z"}}, {"model": "sessions.session", "pk": "453f6agxnurx7d546gs3usbndenuqr76", "fields": {"session_data": "e30:1lhrkX:dJ6kEYAW1PXp-7TvOFFhzAEQGaqElcrLSPCffgRMqU0", "expire_date": "2021-05-29T10:42:25.776Z"}}, {"model": "sessions.session", "pk": "45hf2r1bjzbm00mf8gpoyndl5pp011cq", "fields": {"session_data": ".eJxVj80KgzAQhN9lz0HyZzQ59t5nkE1cq63Ekii0iO9elR7a08DMNwOzQoPL3DdLptQMLTgQwH49j-FB8QjaO8bbVIQpzmnwxYEU3zQX16ml8fJl_wZ6zP3eNoKoExK9DrWvdSCvLYoSjRKB0EopuLFcWVRVXQUVOqNKKW3LNbeiq87RTDkPU2zo9RzSGxxnEDDN4FYowcVlHBlIcNYwMLswqMFJtj9ymoE6nQpcuW0fZvRLEw:1leQyB:88WjVgr6_8UTnWJDzm6JWn32UfbhJ0mTDeynscsB91s", "expire_date": "2021-05-19T23:30:19.768Z"}}, {"model": "sessions.session", "pk": "5c6um1l5orw8tgk2anx34c1hat3ecufl", "fields": {"session_data": "e30:1lhsnl:0NMaZDkri3MgBVL38nHAhbnokhVgmq2E4h_Q1-DtVgs", "expire_date": "2021-05-29T11:49:49.043Z"}}, {"model": "sessions.session", "pk": "5d3bdel56tqwxkt2em0ylwcv15ac3ezb", "fields": {"session_data": ".eJyrVkpOLCpRsqpWMlSyMtRRMgOTJmDSVMnKSEfJSMnKWEfJGCxiDiRrawE89wtZ:1lh9ID:htm056R8B2hFDiAA1oMT83mz2s6gnA2sI2gGFpWAWNU", "expire_date": "2021-05-27T11:14:13.648Z"}}, {"model": "sessions.session", "pk": "5mmldmaczq06ctcyhfqh6xmz6n5p27qx", "fields": {"session_data": "e30:1lhtzW:sXViBJFj9-q-_OpkKmD8HtcP4ww0YtT503fLQ81kYZY", "expire_date": "2021-05-29T13:06:02.251Z"}}, {"model": "sessions.session", "pk": "6ccone7ph1o583d1yg9vjwlks472hxiw", "fields": {"session_data": ".eJxVjUEOwiAQRe_CummghaLs9CJkgCElIjWlbTTGu0ubqnF28_6fN08C1g5zmvSCY_ABncYrhEhUmmOsvumccSSKSFIRnTHnMCSN91sYH0TRwmCe-q2kg_v0fsyAvWBaA4hxxfXurbfOHuf6VDZMU7AwlQfn_epP1UPui4ehtUYyaiTteNs4RkVrOmAOKFBujoJZLrhsoeHSuxYb6Q9gjr6MM1ys0gwL6pD8QJSHmPH1BgpRXAE:1lsRyu:6MdWo22kBNtjbPd6yeWynYQWnimPTRi_7gO-sS4ijak", "expire_date": "2021-06-27T15:25:00.162Z"}}, {"model": "sessions.session", "pk": "6keudlg8s0d7zxsp44dxikbk00edkvup", "fields": {"session_data": ".eJxVjjsOgzAQRO-yNbL842OX6XMGa20vgSQyEQYpEeLuAUSRNFPMvBnNAg7nqXNzptH1ESwIKH49j-FBaQ_iHdNtYGFI09h7tiPsTDO7DpGel5P9G-gwd1u7EkStkOh1aHyjA3ltUJRYKREIjZSCV4Yrg6pu6qBCW6lSShO55ka09TGaKed-SI7er378gOUFBBwnsMv22ooCzKEabL2uX3iYRPs:1leRwb:x-lIRdu-I5XGM5iUQhFWXxfEd4Z9g6YZZwUlS5X_Pzg", "expire_date": "2021-05-20T00:32:45.523Z"}}, {"model": "sessions.session", "pk": "8ev1qi5v75h9vtwu8wjrdvh6ieit6161", "fields": {"session_data": "eyJjYXJ0Ijp7IjEiOjF9fQ:1lh88c:iKb4PWxxkrh-6VEVceiR64XbmeCguS-IkGqvKdFHLlU", "expire_date": "2021-05-27T10:00:14.372Z"}}, {"model": "sessions.session", "pk": "b4lhtio4c08x4fe9bftuxpoqywhnzi2a", "fields": {"session_data": ".eJxVjjsOwjAQRO-ytRX5l49d0nMGa21vSADZKE4kUJS7kyAKaKaYeTOaFRwu8-CWQpMbI1gQwH49j-FG6QjiFdMlVyGneRp9dSDVNy3VOUe6n77s38CAZdjbjSDqhUSvQ-c7Hchrg6LGRolAaKQUvDFcGVRt1wYV-kbVUprINTeibz-jhUoZc3L0fIzTCyxnEHCawa4gwUq2f7eCQb3rtr0BeE1E8A:1lh8d3:12WrIIjDedA8ZzUVUl3ZBlgiszGaWnxOvqB2q2FrAt0", "expire_date": "2021-05-27T10:31:41.034Z"}}, {"model": "sessions.session", "pk": "c9mn6lujeamu28tve92xvitpuzb1h553", "fields": {"session_data": "eyJjYXJ0Ijp7IjgiOjF9fQ:1lhAFb:E1uzp-BWwCqC6lRDja4TWW8cOaCv6cgkQD-qlV03xrc", "expire_date": "2021-05-27T12:15:35.967Z"}}, {"model": "sessions.session", "pk": "drdx26cbtacyh4auxljg7m7tu5wniwiw", "fields": {"session_data": "eyJjYXJ0Ijp7IjgiOjF9fQ:1lr9Uf:YgjoHHEwrJaCxbOdIyeVeG_RGDuv7siUDutj_RXv7EU", "expire_date": "2021-06-24T01:28:25.414Z"}}, {"model": "sessions.session", "pk": "emhyw1zm4tv998vj7sg56zog1133fp5b", "fields": {"session_data": "eyJjYXJ0Ijp7IjMiOjF9fQ:1lgsdA:J5xmEjR8WAMrpRu6nCzuiIeyIA6OV1LTVFvQDVTFlBI", "expire_date": "2021-05-26T17:26:44.913Z"}}, {"model": "sessions.session", "pk": "emselkqqudyncvchemru9zinzphpcxjc", "fields": {"session_data": "eyJjYXJ0Ijp7IjMiOjJ9fQ:1leqJO:IHfYzoqhfW0WbglEhuOmZXPn3K116MolLrt6ddYinSA", "expire_date": "2021-05-21T02:33:54.122Z"}}, {"model": "sessions.session", "pk": "eo6ezcn9ameo06u57k2osna05x4ejxd3", "fields": {"session_data": "eyJjYXJ0Ijp7IjEiOjF9fQ:1ls1UV:kmGO_SR5VudXTS20lfBtUiQf6gvTJMfy2FJNJXHNkeQ", "expire_date": "2021-06-26T11:07:51.711Z"}}, {"model": "sessions.session", "pk": "f9tunybaxo6hexi7tetd5veve0rhg84l", "fields": {"session_data": "eyJjYXJ0Ijp7IjEiOjN9fQ:1ligez:ORllc_TpCXzESVMFzYMpO6nNhsbQMp-tzk6Mqtp3qQk", "expire_date": "2021-05-31T17:04:05.171Z"}}, {"model": "sessions.session", "pk": "ha5hnjkw7pcgitwgsiiijl7kb00dk6fm", "fields": {"session_data": "eyJjYXJ0Ijp7IjgiOjF9LCJzYXZlX2luZm8iOmZhbHNlfQ:1ls4YX:SvcHlRibYhc9JruP3WDlBQcaQUrB3cvuE2bQbDZnkT8", "expire_date": "2021-06-26T14:24:13.112Z"}}, {"model": "sessions.session", "pk": "i9llilv10n2wmn2gh1wmz2z19udktt8j", "fields": {"session_data": ".eJxVjMsOgjAQRf9l1qTpAwpl6d5vINPpIFUDpoVEQ_h3xbDQ7T3nnhU6XOahWzKnLgZoQUHxu3mkG487CFccL5OgaZxT9GJXxEGzOE-B76fD_QsMmIfP2yrmXmn0JTW-KYl96VBVaI0iRqe1ktZJ49DUTU2GemsqrV2QpXSqr7_RzDnHaez4-YjpBa0sgDDN0K5goDXb9gZQX0LW:1lhfLI:6dbxNbzhWv0cPHggfmomJcZqsZT3Ycl7VHtNMxhxT_k", "expire_date": "2021-05-28T21:27:32.614Z"}}, {"model": "sessions.session", "pk": "izkapxxlt4k2fvr4h4taea8yeujrbpp3", "fields": {"session_data": "eyJjYXJ0Ijp7IjUiOjF9fQ:1lsmRN:8CqqVp9GYVTEK3E7H0rSkjDYBsH5jvkz9WHVgmK05DQ", "expire_date": "2021-06-28T13:15:45.901Z"}}, {"model": "sessions.session", "pk": "jahf8hu9rk2ceu0nh71mp4z7a3qdgjby", "fields": {"session_data": "e30:1lhs3U:LiZ16rd5XCR_fXDdnCRXmDS0XVT4KMEdd8wEE300NvY", "expire_date": "2021-05-29T11:02:00.527Z"}}, {"model": "sessions.session", "pk": "jzvosngcnvwg2buei0zff5l5rrhulofi", "fields": {"session_data": "eyJjYXJ0Ijp7IjMiOjMsIjgiOjJ9fQ:1lhCvQ:AUW1npHb89Kt9ByND0ReQcEJmdnGnxib34k8jbGZUnM", "expire_date": "2021-05-27T15:06:56.021Z"}}, {"model": "sessions.session", "pk": "kcm410yzt98kvt06hghly7ldx7q2u09e", "fields": {"session_data": "eyJjYXJ0Ijp7IjEiOjQsIjUiOjN9fQ:1leRLR:1rTl8zhzDWjqnySV0TYyFjLMvkm5kTtcaiYKLfMs6QQ", "expire_date": "2021-05-19T23:54:21.275Z"}}, {"model": "sessions.session", "pk": "kjhu5vk3r8p5mwkjxuo2juhj2hynnc0u", "fields": {"session_data": ".eJxVjMsOgjAQRf9l1qYp0AfTpXu_gUzpIFVTTAuJhvDvSsKG7T3nnhV6yjO4FRS4artAR8s8dkvh3MUADho4bZ76J6cdhAel-yT6Kc05erEr4qBF3KbAr-vhngIjlfH_bk0jsSa2Qfba14jIqiXU1qshEFZKk9aDksRaGUPGUqgG22DgVqMk3KOFS4lT6vjzjvkLTm4_vHlDAA:1lr8xP:0d8rDzvkYliXD4XW_fPD9XR9fpXFBkoJNWZxG12kTSM", "expire_date": "2021-06-24T00:54:03.245Z"}}, {"model": "sessions.session", "pk": "kxzjshs0yvqi8snhooymnhs2o64s33hk", "fields": {"session_data": ".eJxVjEEOgjAQRe8ya9MUaAvTpXvP0EzbQaoGTAuJhnB3JWGh2__efys4WubBLYWzSxEsNHD63TyFO487iDcar5MI0zjn5MWuiIMWcZkiP86H-xcYqAzfd2caiTVxG2XQvkZEVh2hbr3qI2GlNGndK0mslTFkWopV3zYYudMoCfdo4VLSNDp-PVN-g5UnCJRnsCvUYKtt-wBD1kL-:1loViC:rmzSCTSBV8D-mjvx2W0ryO6EbzLD6QcbIjSBnr5Acf8", "expire_date": "2021-06-16T18:35:28.971Z"}}, {"model": "sessions.session", "pk": "lgk4bm9b6bwfuy1ls91gkh7ld2s6ua4e", "fields": {"session_data": "e30:1lhryg:yTuDEgk3Bc2Iwu7m04KvcHWaXNhE1Rp9T8H-1_fYoBc", "expire_date": "2021-05-29T10:57:02.441Z"}}, {"model": "sessions.session", "pk": "mqvr520eh60rkgrlkhzm8v1gvvhixrjy", "fields": {"session_data": ".eJxVjMsOgjAQRf9l1qTpi0K7dO83NNN2kKoBQyHREP5dMSx0e8-5ZwWPy9z7pdDkcwIHAqrfLWC80bCDdMXhMrI4DvOUA9sVdtDCzmOi--lw_wI9lv7zNoKoExKDjm1odaSgLYoajRKR0EopuLFcWVRN20QVO6NqKW3imlvRNd9ooVLyOHh6PvL0AscriDjN4FaQ4OptewNQX0LX:1lhfP9:jKcLxOBia56XTnnnkmfo3tuWQEoutKkXUiGufhXqb0U", "expire_date": "2021-05-28T21:31:31.538Z"}}, {"model": "sessions.session", "pk": "nuqnydhz2hgscx5nx4yzdipfsr6pjah5", "fields": {"session_data": "eyJjYXJ0Ijp7IjQiOjN9fQ:1leP5r:_8AdWUIkVhAKerN11EQLfvGY4XmZ4tXaQNw1M5_H1HE", "expire_date": "2021-05-19T21:30:07.466Z"}}, {"model": "sessions.session", "pk": "p1h48mgieepdbqtig77ebd7r8ndib5zq", "fields": {"session_data": "eyJjYXJ0Ijp7IjIiOjEsIjciOjIsIjEiOjF9fQ:1leQsT:rUU1hOil3lzHb-mnJpkH4UFKVzkOvVbR4CQwMSmptUk", "expire_date": "2021-05-19T23:24:25.610Z"}}, {"model": "sessions.session", "pk": "p531d6e8ebyxggcfsme61vmk5gsybull", "fields": {"session_data": "e30:1lhs0m:k4551y8GDX-SAC79tTapbWZjKD9v4q35EYF5HZgvF7k", "expire_date": "2021-05-29T10:59:12.933Z"}}, {"model": "sessions.session", "pk": "r848e9lswkq2qsjfx4xhmcduw6vwhb1h", "fields": {"session_data": "eyJjYXJ0Ijp7IjEiOjd9fQ:1leRde:UGrsS6n6BWFYGV_x9YT7j79fmUW5sFG6YDQxKi_m2VQ", "expire_date": "2021-05-20T00:13:10.276Z"}}, {"model": "sessions.session", "pk": "tf1f02gd0s8er4uebdf7cjr5mygbh3sp", "fields": {"session_data": ".eJxVjMsOgjAQRf9l1g3pi0e7dO83kOkwCGpaQyHREP5dMC50d3PvuWeFFpd5aJfMUzt24EGB-O0C0o3jMXRXjJdUUIrzNIbiQIrvmotz6vh--rJ_ggHzsL8rxdwrjcFSExpLHKxDVWJlFDE6rZWsnDQOTd3UZKivTKm166SVTvX1R5o55zHFlp-PcXqBlwIIpxn8CgZ8KcCB1wJq8EpACd4K0Hvetje7NUcf:1lfnSU:Y5eIj4EDcieu9MQhTi9oLerjFGHj-BFrTbGoaU1AKO8", "expire_date": "2021-05-23T17:43:14.009Z"}}, {"model": "sessions.session", "pk": "tkkohs80fwwvwpl1i9y0uqy8wanszcmm", "fields": {"session_data": "e30:1lhsT5:cvuAk6Y3yiar6HpdJwAx527STRC2168NM5inuCS_0KU", "expire_date": "2021-05-29T11:28:27.160Z"}}, {"model": "sessions.session", "pk": "ueaviakojq8w682l0rh3wyakbthu9eo7", "fields": {"session_data": "eyJjYXJ0Ijp7IjEiOjksIjIiOjUsIjQiOjcsIjMiOjF9fQ:1lhCJT:-_CswH3ZGk8rA_ykyRsQacU4fWC__5xoMkB9_scnyGI", "expire_date": "2021-05-27T14:27:43.223Z"}}, {"model": "sessions.session", "pk": "v9nc14cuj499yiy3t7a3rnty7i323xjh", "fields": {"session_data": ".eJxVjDsOgzAQRO-ytWX5h8Eu0-cMaG2W4CSCCIOUCHH3AKJIminem5kFapynrp4zjXVqwIME9ssCxgf1u2ju2N8GHod-GlPge4WfNvPr0NDzcnb_DjrM3ba2kqiVCoOJVahMpGAcygKtlpHQKSWFdUI71GVVRh1bqwulXCOMcLItj9NMOaehr-n9SuMHvGAQcZzAL1CAlwzKIw14xcCCNwzURtb1C7qlRxk:1leqHq:4sWPoTlph2-4olC8uoTGzhg_QJmzpFMynQrwaGpUJfs", "expire_date": "2021-05-21T02:32:18.475Z"}}, {"model": "sessions.session", "pk": "woujbc03pp6kjn3vh4rgr3rcsvdzz5a4", "fields": {"session_data": ".eJxVjEEOgjAQRe8ya9MUaAvTpXvP0EzbQaoGTAuJhnB3JWGh2__efys4WubBLYWzSxEsNHD63TyFO487iDcar5MI0zjn5MWuiIMWcZkiP86H-xcYqAzfd2caiTVxG2XQvkZEVh2hbr3qI2GlNGndK0mslTFkWopV3zYYudMoCfdo4VLSNDp-PVN-g5UnCJRnsCvUYKtt-wBD1kL-:1ls35y:PwRTbDd5kAKxWz1Fkq9ruePHa6RA5ec8Y5JeD3v0kVE", "expire_date": "2021-06-26T12:50:38.579Z"}}, {"model": "sessions.session", "pk": "wwqi824b1v5lgn560qponltuun4b1afs", "fields": {"session_data": ".eJxVjMsOgjAQRf9l1qTpi0JZuvcbmmk7SNWAaSHREP5dMSx0e8-5ZwWHyzy4pVB2KUIHAqrfzWO40biDeMXxMrEwjXNOnu0KO2hh5ynS_XS4f4EBy_B5G0HUC4leh9a3OpDXFkWNRolAaKUU3FiuLKqmbYIKvVG1lDZyza3om2-0UClpGh09Hym_oOMVBMwzdCtY6OS2vQFQgELb:1lfnWv:73JVzJTnDmfLnlqjW1NaNzFZIrjss-lK3uem3xbGs8M", "expire_date": "2021-05-23T17:47:49.863Z"}}, {"model": "sessions.session", "pk": "ysgsecswvmuc6esuf1rlf5bywhin7u09", "fields": {"session_data": ".eJxVjEEOgjAQRe8ya0JaaEunS_eegUzpIKhpTQuJhnB3JXGh2__efxv0tC5TvxbO_RzAQQvV7-ZpuHE8QLhSvKR6SHHJs68Ppf7SUp9T4Pvp6_4FJirT521NK7Ah7oIYtG8QkZUl1J1XYyCUSpPWoxLEWhlDpqMgx67FwFajIDyihUuZU-z5-ZjzC5yoYKC8gNtAgmsqsODkvr8B1b1EEQ:1lphFd:iE_DjnxfMpkPgXC30_lohZ-B1nGj5Ygl1VhrhSmzwKE", "expire_date": "2021-06-20T01:06:53.863Z"}}, {"model": "sites.site", "pk": 1, "fields": {"domain": "example.com", "name": "example.com"}}, {"model": "account.emailaddress", "pk": 3, "fields": {"user": 3, "email": "salvigiovanni4@gmail.com", "verified": true, "primary": true}}, {"model": "account.emailaddress", "pk": 5, "fields": {"user": 5, "email": "worldwidewine@example.com", "verified": true, "primary": true}}, {"model": "account.emailaddress", "pk": 6, "fields": {"user": 6, "email": "rhye83@hotmail.it", "verified": true, "primary": true}}, {"model": "account.emailaddress", "pk": 7, "fields": {"user": 7, "email": "sean@sean.com", "verified": true, "primary": true}}, {"model": "account.emailaddress", "pk": 10, "fields": {"user": 10, "email": "xedemec473@gocasin.com", "verified": false, "primary": true}}, {"model": "stock.stock", "pk": 1, "fields": {"types": "White"}}, {"model": "stock.stock", "pk": 2, "fields": {"types": "Red"}}, {"model": "stock.stock", "pk": 3, "fields": {"types": "Rose'"}}, {"model": "stock.stock", "pk": 4, "fields": {"types": "BlancdeBlancs"}}, {"model": "stock.stock", "pk": 5, "fields": {"types": "BlancdeNoirs"}}, {"model": "stock.stock", "pk": 6, "fields": {"types": "Brut"}}, {"model": "stock.country", "pk": 1, "fields": {"country": "Italy"}}, {"model": "stock.country", "pk": 2, "fields": {"country": "France"}}, {"model": "stock.country", "pk": 3, "fields": {"country": "World"}}, {"model": "stock.item", "pk": 1, "fields": {"stock": 1, "country": 1, "sku": "Castilla y Leon Chardonnay VdT “Musso” 2019,Italy,White,9.90,CAS-ITA-WHI-990", "name": "Castilla y Leon Chardonnay VdT “Musso” 2019", "types": "White", "description": "This \"Musso\" is a red wine that Casa Rojo produces within the Spanish denomination Vino de la Tierra de Castilla y León. It is a pure tempranillo dominated on the nose by references to small red and black berry fruit, a prelude to a large and extensive sip, in which the excellent tannin workmanship is the key to a smooth and always satisfying drink.", "price": "9.80", "image_url": "https://s.tannico.it/media/catalog/product/cache/56/thumbnail/0dc2d03fe217f8c83829496872af24a0/M/u/MussoChardo.jpg", "image": "MussoChardo_hoDbNoL.jpeg"}}, {"model": "stock.item", "pk": 2, "fields": {"stock": 4, "country": 2, "sku": "Champagne Brut Blanc de Blancs Grand Cru Les Carelles,BlancdeBlancs,France,430.00,CHA-BLA-FRA-430", "name": "Champagne Brut Blanc de Blancs Grand Cru \"Les Carelles\"", "types": "BlancdeBlancs", "description": "The color is more load than the other wines. The perfume is very complex and, where they do not feel citrus notes but rather feelings of wildflowers and dried fruit. In the mouth it shows a very thick, almost fat, but never heavy because supported by a nice savory finish: the most balanced and fascinating among the wines of Selosse.", "price": "430.00", "image_url": "https://s.tannico.it/media/catalog/product/cache/1/thumbnail/0dc2d03fe217f8c83829496872af24a0/E/B/EBTY0000054429_1.jpg", "image": "EBTY0000068917_2.jpeg"}}, {"model": "stock.item", "pk": 4, "fields": {"stock": 1, "country": 1, "sku": "Friuli Isonzo Ribolla Gialla IGT 2019 - I Feudi di Romans,Italy,White,14.34,FRI-ITA-WHI-143", "name": "Friuli Isonzo Ribolla Gialla IGT 2019 - I Feudi di Romans", "types": "White", "description": "A typical white from Friuli, the Ribolla Gialla, is presented by the I Feudi di Romans winery with a very fresh and harmonious version, the result of the perfect relationship between grape variety and territory. The carefully selected grapes ferment in steel for 9 days at a temperature of 18 ° C, and then continue to refine on their own yeasts, again in steel, for about 3 months. A wine that you can't really say no to!", "price": "14.34", "image_url": "https://s.tannico.it/media/catalog/product/cache/2/thumbnail/0dc2d03fe217f8c83829496872af24a0/r/o/romans-ribolla_1_1.jpg", "image": "romans-ribolla_1_1.jpeg"}}, {"model": "stock.item", "pk": 5, "fields": {"stock": 6, "country": 2, "sku": "Champagne Brut 2010 - Dom Pérignon,France,Brut,183.44,CHA-FRA-BRU-183", "name": "Champagne Brut 2010 - Dom Pérignon", "types": "Brut", "description": "Dom Perignon 2010 Vintage Champagne has aged for at least 8 years in their cellars and embodies the world-renowned perfect balance of Dom Perignon. Each vintage is a new creation that is singular and unique expressing the true character of the year.", "price": "183.44", "image_url": "https://s.tannico.it/media/catalog/product/cache/2/thumbnail/0dc2d03fe217f8c83829496872af24a0/d/p/dp-2008_3.jpg", "image": "dp-2008_3_N0QmDNI.jpeg"}}, {"model": "stock.item", "pk": 6, "fields": {"stock": 4, "country": 2, "sku": "Champagne Brut Blanc de Blancs Magnum - Ruinart,France,BlancdeBlancs,178.67,CHA-FRA-BLA-178", "name": "Champagne Brut Blanc de Blancs Magnum - Ruinart", "types": "BlancdeBlancs", "description": "Encased in an iconic replica of a bottle from the 18th century, this magnum of the round and lively Ruinart Blanc de Blancs is large enough for elegant parties.\r\nBlended from the harvest of various years to ensure consistent quality, this blanc de blancs champagne is a classic example of the style – smooth with a characteristic luminosity.", "price": "178.67", "image_url": "https://s.tannico.it/media/catalog/product/cache/2/thumbnail/0dc2d03fe217f8c83829496872af24a0/b/d/bdbmagn.jpg", "image": "bdbmagn.jpeg"}}, {"model": "stock.item", "pk": 7, "fields": {"stock": 2, "country": 1, "sku": "Amarone della Valpolicella Classico DOCG 2016 - Tommasi,Italy,Red,38.42,AMA-ITA-RED-384", "name": "Amarone della Valpolicella Classico DOCG 2016 - Tommasi", "types": "Red", "description": "It is produced using exclusively indigenous grapes which, after the harvest in October, are dried on racks in the drying sheds until the following February. The Amarone della Valpolicella Classico DOCG of the Tommasi winery then matures for three years in Slavonian oak barrels. It interprets the classic style of the appellation wonderfully as a supple, mellow, full-bodied and complex wine.", "price": "38.42", "image_url": "https://s.tannico.it/media/catalog/product/cache/2/thumbnail/0dc2d03fe217f8c83829496872af24a0/A/2/A2AMG_1_1_12_5.jpg", "image": "A2AMG_1_1_12_5_XGckM5k.jpeg"}}, {"model": "stock.item", "pk": 8, "fields": {"stock": 2, "country": 3, "sku": "Mendoza Malbec “Potrero” 2018 - Vinos de Potrero,World,Red,21.57,MEN-WOR-RED-215", "name": "Mendoza Malbec “Potrero” 2018 - Vinos de Potrero", "types": "Red", "description": "The greatest expression of malbec from Gualtallari, which combines fruit purity and the florar and mineral notes from the terroir. A wine which though fresh and easy to drink, is honest and complex.", "price": "21.57", "image_url": "https://s.tannico.it/media/catalog/product/cache/2/thumbnail/0dc2d03fe217f8c83829496872af24a0/7/5/754697471642_potrero2017_vinos-de-potrero_1.jpg", "image": "754697471642_potrero2017_vinos-de-potrero_1_yClRTjn.jpeg"}}, {"model": "stock.item", "pk": 9, "fields": {"stock": 2, "country": 3, "sku": "Syrah “Boom Boom” 2018 - Charles Smith,World,White,21.81,SYR-WOR-WHI-218", "name": "Syrah “Boom Boom” 2018 - Charles Smith", "types": "White", "description": "These Washington State wines are full of flavour, balanced and approachable, and have consistently garnered 90+ scores by leading industry critics.\r\nSmooth, firm and fresh, this wine has aromas and flavours of dark fruits, allspice and sweet tobacco.", "price": "21.81", "image_url": "https://s.tannico.it/media/catalog/product/cache/2/thumbnail/0dc2d03fe217f8c83829496872af24a0/2/k/2k_75cl-in-su_8_11_1_1.jpg", "image": "2k_75cl-in-su_8_11_1_1_CkR1C8U.jpeg"}}, {"model": "stock.item", "pk": 10, "fields": {"stock": 2, "country": 1, "sku": "Colli Orientali del Friuli Refosco DOC “Vigne Orsone” 2018 - Bastianich,Italy,Red,18.02,COL-ITA-RED-", "name": "Colli Orientali del Friuli Refosco DOC “Vigne Orsone” 2018 - Bastianich", "types": "Red", "description": "One of the great classics of the appellation that the Bastianich family interpret with elegance and determination not far from Cividale del Friuli. A Refosco with a strong personality and unique profile, 80% fermented in large steel vats and 20% in small used oak barrels. From creating the final mix, with frequent stirring, a red wine rich in colour and acidity, fresh and at the same time fruity and of great harmony is created.", "price": "18.02", "image_url": "https://s.tannico.it/media/catalog/product/cache/2/thumbnail/0dc2d03fe217f8c83829496872af24a0/2/k/2k_75cl-in-su_10_40_1.jpg", "image": "2k_75cl-in-su_10_40_1_qSyjhqr.jpeg"}}, {"model": "stock.item", "pk": 11, "fields": {"stock": 6, "country": 1, "sku": "Franciacorta DOCG “Cuvée Prestige - Edizione 43 - Ca' del Bosco,Italy,Brut,35.08,FRA-ITA-BRU-350", "name": "Franciacorta DOCG “Cuvée Prestige - Edizione 43\" - Ca' del Bosco", "types": "Brut", "description": "Franciacorta Ca del Bosco Prestige Cuvee Brut is one of Italy's greatest sparkling wines and is quite spectacular. Consisting of 75% Chardonnay, 10% Pinot Bianco and 15% Pinot Nero, all vinified separately.", "price": "35.08", "image_url": "https://s.tannico.it/media/catalog/product/cache/2/thumbnail/0dc2d03fe217f8c83829496872af24a0/c/u/cuvee43.jpg", "image": "cuvee43_HQRdmP8.jpeg"}}, {"model": "stock.item", "pk": 12, "fields": {"stock": 3, "country": 2, "sku": "Côtes du Roussillon Rosé “La Grande Cuvée” 2019 - Domaine Lafage,Rose',France,20.02,CTE-ROS-FRA-200", "name": "Côtes du Roussillon Rosé “La Grande Cuvée” 2019 - Domaine Lafage", "types": "Rose'", "description": "La Grande Cuvée Rosé is a selection of old vine Grenache Gris and Grenache Noir (70%) and Mourvèdre (30%) planted on the red schist soils of Les Asprès. At harvest, it is selected and picked by hand and carefully sorted at the cellar to ensure that only the ripest and healthiest fruit is used. Its pale hue coming entirely from the color of the free-run juice, this rosé is fermented by indigenous yeasts and aged in tank with a small portion aged in new 500L French oak demi-muids", "price": "20.02", "image_url": "https://s.tannico.it/media/catalog/product/cache/2/thumbnail/0dc2d03fe217f8c83829496872af24a0/g/r/grande-cuvee-rosee-prod_1_1.jpg", "image": "grande-cuvee-rosee-prod_1_1_R2BrQPK.jpeg"}}, {"model": "stock.item", "pk": 13, "fields": {"stock": 4, "country": 2, "sku": "Champagne Blanc de Blancs - Bernard Remy,Blanc de Blancs,France,24.90,CHA-BLA-FRA-249", "name": "Champagne Blanc de Blancs - Bernard Remy", "types": "BlancdeBlancs", "description": "Lively, fresh and intense with a delicate and persistent mousse. Soft on the palate it is led by powerful citrussy flavours, lemon zest and a hint of honeydew melon. This 100% Chardonnay is refreshing and elegant with a lingering finish.", "price": "24.90", "image_url": "https://s.tannico.it/media/catalog/product/cache/56/thumbnail/0dc2d03fe217f8c83829496872af24a0/b/l/blanc2_9.jpg", "image": "blanc2_9.jpeg"}}, {"model": "stock.item", "pk": 14, "fields": {"stock": 4, "country": 1, "sku": "Trento DOC Maximum Blanc de Blancs - Ferrari,Blanc de Blancs,Italy,19.90,TRE-BLA-ITA-199", "name": "Trento DOC “Maximum Blanc de Blancs\" - Ferrari", "types": "BlancdeBlancs", "description": "The winery Ferrari elaborates this Ferrari Trento Maximum Blanc de Blancs Brut (£18.18), a sparkling wine from Trento that contains chardonnay grapes and shows an alcoholic content of 12.5%. The Ferrari Trento Maximum Blanc de Blancs Brut is the ideal sparkling to combine with seafood and fish. 4 of 5 points is the average score of this sparkling according to Drinks&Co users.", "price": "19.90", "image_url": "https://s.tannico.it/media/catalog/product/cache/56/thumbnail/0dc2d03fe217f8c83829496872af24a0/b/l/blanc_13.jpg", "image": "blanc_13.jpeg"}}, {"model": "stock.item", "pk": 15, "fields": {"stock": 5, "country": 1, "sku": "Spumante Metodo Classico Zero Dosage Blanc de Noirs Farfalla - Ballabio, Blanc de Noirs,Italy,24.50,", "name": "Spumante Metodo Classico Zero Dosage Blanc de Noirs \"Farfalla\" - Ballabio", "types": "BlancdeNoirs", "description": "The \"Farfalla\" Blanc de Noir is a great class sparkling wine rifermented in bottle according to classic method. The bouquet is centered on fruity and citrus tones with accents of bread and pastry. The taste is fresh and refined, harmonic and elegant, enlivened by a creamy and persistent foam", "price": "24.50", "image_url": "https://s.tannico.it/media/catalog/product/cache/56/thumbnail/0dc2d03fe217f8c83829496872af24a0/f/a/farfallazero.jpg", "image": "farfallazero.jpeg"}}, {"model": "stock.item", "pk": 18, "fields": {"stock": 3, "country": 1, "sku": "", "name": "Maremma Toscana Rosato DOC “Litorale” 2019 - Val delle Rose, Cecchi", "types": "Rose'", "description": "Litorale Rosato is characterized by its natural freshness and varietal typicality (100% Sangiovese). Suitable as an aperitif or in combination with pasta, vegetarian dishes, or fish dishes with intense flavors.", "price": "15.84", "image_url": "https://s.tannico.it/media/catalog/product/cache/2/thumbnail/0dc2d03fe217f8c83829496872af24a0/l/i/litoralerosato_valdellerose_cecchi_1.jpg", "image": "litoralerosato_valdellerose_cecchi_1_boKbjwg.jpeg"}}, {"model": "checkout.checkout", "pk": 71, "fields": {"order_number": "A2329299A96F45998CA934306ADCC4DB", "my_account": null, "first_name": "Giovanni", "last_name": "Salvi", "email": "salvigiovanni4@gmail.com", "phone_number": "07405901912", "country": "United Kingdom", "city": "London", "postcode": "HA9 6HJ", "address": "Tokyngton Ave", "delivery": "0.00", "total": "0.00", "grand_total": "0.00"}}, {"model": "checkout.checkout", "pk": 72, "fields": {"order_number": "09E215F18F80434480A1FA4936F019EC", "my_account": null, "first_name": "Giovanni", "last_name": "Salvi", "email": "salvigiovanni4@gmail.com", "phone_number": "07405901912", "country": "United Kingdom", "city": "London", "postcode": "HA9 6HJ", "address": "Tokyngton Ave", "delivery": "0.00", "total": "0.00", "grand_total": "0.00"}}, {"model": "checkout.checkout", "pk": 73, "fields": {"order_number": "07C231D8FF69417798B2906455AC81FA", "my_account": null, "first_name": "Giovanni", "last_name": "Salvi", "email": "salvigiovanni4@gmail.com", "phone_number": "07405901912", "country": "United Kingdom", "city": "London", "postcode": "HA9 6HJ", "address": "Tokyngton Ave", "delivery": "0.00", "total": "0.00", "grand_total": "0.00"}}, {"model": "checkout.checkout", "pk": 74, "fields": {"order_number": "0CEC475CAB724B89BC122988305EA5FF", "my_account": null, "first_name": "Giovanni", "last_name": "Salvi", "email": "salvigiovanni4@gmail.com", "phone_number": "07405901912", "country": "United Kingdom", "city": "London", "postcode": "HA9 6HJ", "address": "Tokyngton Ave", "delivery": "0.00", "total": "0.00", "grand_total": "0.00"}}, {"model": "checkout.checkout", "pk": 75, "fields": {"order_number": "D75BBFADDA104187939031A003B9CBF9", "my_account": null, "first_name": "Giovanni", "last_name": "Salvi", "email": "salvigiovanni4@gmail.com", "phone_number": "07405901912", "country": "United Kingdom", "city": "London", "postcode": "HA9 6HJ", "address": "Tokyngton Ave", "delivery": "0.00", "total": "0.00", "grand_total": "0.00"}}, {"model": "checkout.checkout", "pk": 76, "fields": {"order_number": "092C05CB610048AD8AAE82D34743DDD6", "my_account": null, "first_name": "Giovanni", "last_name": "Salvi", "email": "salvigiovanni4@gmail.com", "phone_number": "07405901912", "country": "United Kingdom", "city": "London", "postcode": "HA9 6HJ", "address": "Tokyngton Ave", "delivery": "0.00", "total": "0.00", "grand_total": "0.00"}}, {"model": "checkout.checkout", "pk": 77, "fields": {"order_number": "425F0867326B449C95AD0F5C918D8315", "my_account": null, "first_name": "sean", "last_name": "sean", "email": "sean@sean.com", "phone_number": "2222222222", "country": "Ireland", "city": "dublin", "postcode": "0000", "address": "sean street", "delivery": "0.00", "total": "0.00", "grand_total": "0.00"}}, {"model": "checkout.checkout", "pk": 78, "fields": {"order_number": "9CE61BF91D7B463EAFF93ADFC97CE8BC", "my_account": null, "first_name": "sean", "last_name": "sean", "email": "sean@sean.com", "phone_number": "2222222222", "country": "Ireland", "city": "dublin", "postcode": "0000", "address": "sean street", "delivery": "0.00", "total": "0.00", "grand_total": "0.00"}}, {"model": "checkout.checkout", "pk": 79, "fields": {"order_number": "623B4B6C844C475FB01848FB5FFD82F5", "my_account": null, "first_name": "sean", "last_name": "Sean", "email": "sean@sean.com", "phone_number": "2222222222", "country": "Ireland", "city": "dublin", "postcode": "0000", "address": "22 some street", "delivery": "0.00", "total": "0.00", "grand_total": "0.00"}}, {"model": "checkout.checkout", "pk": 80, "fields": {"order_number": "6A617C50F06241C985F0F8AE9499E059", "my_account": null, "first_name": "sean", "last_name": "Sean", "email": "sean@sean.com", "phone_number": "2222222222", "country": "Ireland", "city": "dublin", "postcode": "0000", "address": "22 some street", "delivery": "0.00", "total": "0.00", "grand_total": "0.00"}}, {"model": "checkout.checkout", "pk": 81, "fields": {"order_number": "272C84A1A469462593D1E2E154847EF4", "my_account": null, "first_name": "sean", "last_name": "Sean", "email": "sean@sean.com", "phone_number": "2222222222", "country": "Ireland", "city": "dublin", "postcode": "0000", "address": "22 some street", "delivery": "0.00", "total": "0.00", "grand_total": "0.00"}}, {"model": "checkout.checkout", "pk": 82, "fields": {"order_number": "B6FA89CF7DFD4511AD62C6D0D0E6CD7A", "my_account": null, "first_name": "sean", "last_name": "Sean", "email": "sean@sean.com", "phone_number": "2222222222", "country": "Ireland", "city": "dublin", "postcode": "0000", "address": "22 some street", "delivery": "0.00", "total": "0.00", "grand_total": "0.00"}}, {"model": "checkout.checkout", "pk": 83, "fields": {"order_number": "95D892E03DD246EFA6C0C0EF7A4B8D75", "my_account": null, "first_name": "Giovanni", "last_name": "Salvi", "email": "salvigiovanni4@gmail.com", "phone_number": "07405901912", "country": "United Kingdom", "city": "London", "postcode": "HA9 6HJ", "address": "Tokyngton Ave", "delivery": "0.10", "total": "9.80", "grand_total": "9.90"}}, {"model": "checkout.checkout", "pk": 84, "fields": {"order_number": "9201B71461D5449B9B47BE54458676B5", "my_account": null, "first_name": "sean", "last_name": "Sean", "email": "sean@sean.com", "phone_number": "2222222222", "country": "Ireland", "city": "dublin", "postcode": "0000", "address": "22 some street", "delivery": "0.10", "total": "9.80", "grand_total": "9.90"}}, {"model": "checkout.checkout", "pk": 85, "fields": {"order_number": "F089F75DE14E454FB67FE5962CBA2E27", "my_account": null, "first_name": "Antonio", "last_name": "Salvi", "email": "rhye83@hotmail.it", "phone_number": "07406678900", "country": "United Kingdom", "city": "London", "postcode": "ha6 h90", "address": "Tokyngton avenue 80", "delivery": "0.10", "total": "9.80", "grand_total": "9.90"}}, {"model": "checkout.checkout", "pk": 86, "fields": {"order_number": "78D28A8E35BD4254B5ED7297F5239646", "my_account": null, "first_name": "Giovanni", "last_name": "Salvi", "email": "salvigiovanni4@gmail.com", "phone_number": "07405901912", "country": "United Kingdom", "city": "London", "postcode": "HA9 6HJ", "address": "Tokyngton Ave", "delivery": "0.14", "total": "14.34", "grand_total": "14.48"}}, {"model": "checkout.checkout_items", "pk": 23, "fields": {"checkout": 71, "item": 6, "quantity": 1, "items_total": "178.67"}}, {"model": "checkout.checkout_items", "pk": 24, "fields": {"checkout": 72, "item": 1, "quantity": 1, "items_total": "9.90"}}, {"model": "checkout.checkout_items", "pk": 25, "fields": {"checkout": 73, "item": 7, "quantity": 2, "items_total": "76.84"}}, {"model": "checkout.checkout_items", "pk": 27, "fields": {"checkout": 78, "item": 1, "quantity": 1, "items_total": "9.80"}}, {"model": "checkout.checkout_items", "pk": 28, "fields": {"checkout": 79, "item": 1, "quantity": 1, "items_total": "9.80"}}, {"model": "checkout.checkout_items", "pk": 29, "fields": {"checkout": 80, "item": 1, "quantity": 2, "items_total": "19.60"}}, {"model": "checkout.checkout_items", "pk": 30, "fields": {"checkout": 81, "item": 1, "quantity": 1, "items_total": "9.80"}}, {"model": "checkout.checkout_items", "pk": 31, "fields": {"checkout": 82, "item": 1, "quantity": 1, "items_total": "9.80"}}, {"model": "checkout.checkout_items", "pk": 32, "fields": {"checkout": 83, "item": 1, "quantity": 1, "items_total": "9.80"}}, {"model": "checkout.checkout_items", "pk": 33, "fields": {"checkout": 84, "item": 1, "quantity": 1, "items_total": "9.80"}}, {"model": "checkout.checkout_items", "pk": 34, "fields": {"checkout": 85, "item": 1, "quantity": 1, "items_total": "9.80"}}, {"model": "checkout.checkout_items", "pk": 35, "fields": {"checkout": 86, "item": 4, "quantity": 1, "items_total": "14.34"}}, {"model": "myaccount.myaccount", "pk": 1, "fields": {"user": 3, "default_phone_number": "", "default_country": "", "default_city": "", "default_postcode": "", "default_address": ""}}, {"model": "myaccount.myaccount", "pk": 3, "fields": {"user": 5, "default_phone_number": "", "default_country": "", "default_city": "", "default_postcode": "", "default_address": ""}}, {"model": "myaccount.myaccount", "pk": 4, "fields": {"user": 6, "default_phone_number": "", "default_country": "", "default_city": "", "default_postcode": "", "default_address": ""}}, {"model": "myaccount.myaccount", "pk": 5, "fields": {"user": 7, "default_phone_number": "", "default_country": "", "default_city": "", "default_postcode": "", "default_address": ""}}, {"model": "myaccount.myaccount", "pk": 8, "fields": {"user": 10, "default_phone_number": "", "default_country": "", "default_city": "", "default_postcode": "", "default_address": ""}}]